29484,50756,2007-06-01 00:00:00.000,42379.6245
29484,49495,2007-03-01 00:00:00.000,27280.9721
29484,48395,2006-12-01 00:00:00.000,36669.0518
29484,47454,2006-09-01 00:00:00.000,30881.7718
29484,46389,2006-06-01 00:00:00.000,1439.1478
29485,71782,2008-06-01 00:00:00.000,37497.4457
29485,65157,2008-03-01 00:00:00.000,24786.1285
29485,58907,2007-12-01 00:00:00.000,31960.0926
29485,53459,2007-09-01 00:00:00.000,33136.1251
29486,71837,2008-06-01 00:00:00.000,33942.916
29486,65205,2008-03-01 00:00:00.000,26324.3267
29486,58970,2007-12-01 00:00:00.000,31476.8867
29486,53526,2007-09-01 00:00:00.000,39321.9038
29486,50696,2007-06-01 00:00:00.000,53143.2411
29487,71940,2008-06-01 00:00:00.000,553.9452
29487,65321,2008-03-01 00:00:00.000,495.2855
29487,59006,2007-12-01 00:00:00.000,4145.0299
29487,53620,2007-09-01 00:00:00.000,1371.8659
29487,49547,2007-03-01 00:00:00.000,2798.9022
29488,71805,2008-06-01 00:00:00.000,65263.2967
29488,65191,2008-03-01 00:00:00.000,63426.4562
29488,58931,2007-12-01 00:00:00.000,55204.4412
29488,53485,2007-09-01 00:00:00.000,65910.6732
29489,67287,2008-04-01 00:00:00.000,83955.492
29489,61227,2008-01-01 00:00:00.000,64663.4261
29489,55264,2007-10-01 00:00:00.000,72017.9942
29489,51121,2007-07-01 00:00:00.000,89678.1892
29489,49840,2007-04-01 00:00:00.000,2400.7201
29491,45814,2006-04-01 00:00:00.000,37625.4303
29491,45075,2006-01-01 00:00:00.000,13771.7748
29491,44318,2005-10-01 00:00:00.000,23749.8917
29491,43693,2005-07-01 00:00:00.000,23126.45
29492,71884,2008-06-01 00:00:00.000,43136.2284
29492,65311,2008-03-01 00:00:00.000,15518.63
29492,59058,2007-12-01 00:00:00.000,41932.3808
29492,53561,2007-09-01 00:00:00.000,54892.7877
29492,50734,2007-06-01 00:00:00.000,2521.968
29496,71787,2008-06-01 00:00:00.000,32364.50
29496,65168,2008-03-01 00:00:00.000,23488.3347
29496,58979,2007-12-01 00:00:00.000,24126.4587
29496,53533,2007-09-01 00:00:00.000,27761.8156
29497,67297,2008-04-01 00:00:00.000,103227.0017
29497,61199,2008-01-01 00:00:00.000,64738.3687
29497,55277,2007-10-01 00:00:00.000,64826.3865
29497,51127,2007-07-01 00:00:00.000,80254.3456
29497,49849,2007-04-01 00:00:00.000,55388.0259
29499,71806,2008-06-01 00:00:00.000,16633.4378
29499,65188,2008-03-01 00:00:00.000,16945.7032
29499,58930,2007-12-01 00:00:00.000,44073.5516
29499,53484,2007-09-01 00:00:00.000,31525.3324
29499,50676,2007-06-01 00:00:00.000,39281.3353
29500,67348,2008-04-01 00:00:00.000,30759.4471
29500,61217,2008-01-01 00:00:00.000,28099.2908
29500,55331,2007-10-01 00:00:00.000,35280.6101
29500,51137,2007-07-01 00:00:00.000,52291.5165
29500,48793,2007-01-01 00:00:00.000,236.3547
29504,46345,2006-06-01 00:00:00.000,21961.7533
29504,45540,2006-03-01 00:00:00.000,48142.8235
29504,44761,2005-12-01 00:00:00.000,92470.0936
29504,44098,2005-09-01 00:00:00.000,18431.4595
29507,50306,2007-05-01 00:00:00.000,36308.0778
29507,49149,2007-02-01 00:00:00.000,26555.8052
29507,48063,2006-11-01 00:00:00.000,40986.0702
29507,47042,2006-08-01 00:00:00.000,53375.5838
29507,46090,2006-05-01 00:00:00.000,105780.1033
29509,69481,2008-05-01 00:00:00.000,3140.3786
29509,63135,2008-02-01 00:00:00.000,1872.1746
29509,57101,2007-11-01 00:00:00.000,2897.0544
29509,51784,2007-08-01 00:00:00.000,8361.8616
29509,50259,2007-05-01 00:00:00.000,52909.4126
29510,46062,2006-05-01 00:00:00.000,44214.6412
29510,45305,2006-02-01 00:00:00.000,25793.0294
29510,44525,2005-11-01 00:00:00.000,46666.5213
29510,43879,2005-08-01 00:00:00.000,24459.114
29511,69559,2008-05-01 00:00:00.000,259.0285
29511,63215,2008-02-01 00:00:00.000,813.382
29511,57124,2007-11-01 00:00:00.000,3134.7704
29511,51813,2007-08-01 00:00:00.000,967.0164
29511,50319,2007-05-01 00:00:00.000,881.8229
29513,50231,2007-05-01 00:00:00.000,51539.5098
29513,49090,2007-02-01 00:00:00.000,45526.9132
29513,48018,2006-11-01 00:00:00.000,50220.181
29513,46996,2006-08-01 00:00:00.000,71753.9051
29515,57084,2007-11-01 00:00:00.000,364.8172
29515,50248,2007-05-01 00:00:00.000,1006.6991
29515,49072,2007-02-01 00:00:00.000,11869.8138
29515,47014,2006-08-01 00:00:00.000,385.148
29515,46072,2006-05-01 00:00:00.000,73399.9209
29521,69552,2008-05-01 00:00:00.000,5700.1871
29521,63289,2008-02-01 00:00:00.000,7799.247
29521,57176,2007-11-01 00:00:00.000,2517.7241
29521,51821,2007-08-01 00:00:00.000,5089.9487
29521,50316,2007-05-01 00:00:00.000,7550.2288
29522,69532,2008-05-01 00:00:00.000,60965.9531
29522,63283,2008-02-01 00:00:00.000,43415.6673
29522,57144,2007-11-01 00:00:00.000,35259.1507
29522,51845,2007-08-01 00:00:00.000,52243.3825
29522,50294,2007-05-01 00:00:00.000,33679.3075
29523,69528,2008-05-01 00:00:00.000,38762.014
29523,63252,2008-02-01 00:00:00.000,51813.49
29523,57137,2007-11-01 00:00:00.000,38214.3544
29523,51809,2007-08-01 00:00:00.000,49526.7416
29523,50310,2007-05-01 00:00:00.000,78560.8142
29524,69414,2008-05-01 00:00:00.000,37077.8601
29524,63152,2008-02-01 00:00:00.000,36193.2559
29524,57041,2007-11-01 00:00:00.000,71945.7548
29524,51716,2007-08-01 00:00:00.000,59511.218
29525,46364,2006-06-01 00:00:00.000,36667.3332
29525,45555,2006-03-01 00:00:00.000,74018.1914
29525,44777,2005-12-01 00:00:00.000,112067.3649
29525,44115,2005-09-01 00:00:00.000,75293.7194
29528,71798,2008-06-01 00:00:00.000,33969.1642
29528,65178,2008-03-01 00:00:00.000,44239.8969
29528,58921,2007-12-01 00:00:00.000,38778.5575
29528,53471,2007-09-01 00:00:00.000,43376.5609
29528,50714,2007-06-01 00:00:00.000,528.988
29531,71935,2008-06-01 00:00:00.000,6230.47
29531,65256,2008-03-01 00:00:00.000,5445.4632
29531,59061,2007-12-01 00:00:00.000,8311.7639
29531,53578,2007-09-01 00:00:00.000,11308.6436
29531,50754,2007-06-01 00:00:00.000,9297.938
29533,67332,2008-04-01 00:00:00.000,9393.3747
29533,61234,2008-01-01 00:00:00.000,11402.2925
29533,55302,2007-10-01 00:00:00.000,12983.2344
29533,51149,2007-07-01 00:00:00.000,7618.9789
29533,49885,2007-04-01 00:00:00.000,4793.4384
29534,71802,2008-06-01 00:00:00.000,35527.8475
29534,65220,2008-03-01 00:00:00.000,31172.4871
29534,58924,2007-12-01 00:00:00.000,30026.6667
29534,53474,2007-09-01 00:00:00.000,30575.932
29538,69410,2008-05-01 00:00:00.000,21441.0704
29538,63145,2008-02-01 00:00:00.000,13575.9101
29538,57032,2007-11-01 00:00:00.000,20540.7553
29538,51710,2007-08-01 00:00:00.000,20709.2044
29543,69544,2008-05-01 00:00:00.000,40051.3228
29543,63279,2008-02-01 00:00:00.000,30503.4453
29543,57141,2007-11-01 00:00:00.000,48548.4345
29543,51860,2007-08-01 00:00:00.000,80031.2047
29543,50290,2007-05-01 00:00:00.000,42053.3346
29546,71938,2008-06-01 00:00:00.000,83485.5786
29546,65271,2008-03-01 00:00:00.000,62804.8831
29546,59063,2007-12-01 00:00:00.000,65070.2422
29546,53562,2007-09-01 00:00:00.000,91734.9579
29546,50722,2007-06-01 00:00:00.000,56147.0558
29549,49869,2007-04-01 00:00:00.000,43499.6005
29549,48760,2007-01-01 00:00:00.000,24433.1982
29549,47726,2006-10-01 00:00:00.000,32162.6078
29549,46673,2006-07-01 00:00:00.000,31545.9805
29549,45815,2006-04-01 00:00:00.000,36281.4387
29550,71833,2008-06-01 00:00:00.000,59770.9041
29550,65234,2008-03-01 00:00:00.000,59404.9998
29550,58961,2007-12-01 00:00:00.000,62704.3022
29550,53514,2007-09-01 00:00:00.000,62973.8414
29551,71947,2008-06-01 00:00:00.000,38351.3282
29551,65245,2008-03-01 00:00:00.000,31627.1532
29551,59075,2007-12-01 00:00:00.000,40002.3971
29551,53567,2007-09-01 00:00:00.000,33038.7512
29552,71826,2008-06-01 00:00:00.000,33518.1337
29552,65228,2008-03-01 00:00:00.000,32586.9438
29552,58951,2007-12-01 00:00:00.000,36905.2095
29552,53505,2007-09-01 00:00:00.000,45788.5612
29557,71808,2008-06-01 00:00:00.000,36122.4266
29557,65189,2008-03-01 00:00:00.000,36853.4516
29557,58932,2007-12-01 00:00:00.000,80984.3252
29557,53483,2007-09-01 00:00:00.000,69028.0591
29559,71836,2008-06-01 00:00:00.000,74039.529
29559,65200,2008-03-01 00:00:00.000,53045.5538
29559,58963,2007-12-01 00:00:00.000,87305.928
29559,53518,2007-09-01 00:00:00.000,99023.6736
29559,50693,2007-06-01 00:00:00.000,36241.7955
29560,69527,2008-05-01 00:00:00.000,31222.4265
29560,63263,2008-02-01 00:00:00.000,24250.4352
29560,57157,2007-11-01 00:00:00.000,34599.2485
29560,51842,2007-08-01 00:00:00.000,50281.5162
29560,50298,2007-05-01 00:00:00.000,46905.3158
29561,69451,2008-05-01 00:00:00.000,56792.4206
29561,63293,2008-02-01 00:00:00.000,27965.3789
29561,57074,2007-11-01 00:00:00.000,42161.1515
29561,51760,2007-08-01 00:00:00.000,48415.4346
29562,50753,2007-06-01 00:00:00.000,58747.4862
29562,49541,2007-03-01 00:00:00.000,41265.4765
29562,48384,2006-12-01 00:00:00.000,76390.0216
29562,47441,2006-09-01 00:00:00.000,126830.9608
29562,46380,2006-06-01 00:00:00.000,53295.3497
29563,71839,2008-06-01 00:00:00.000,64129.7735
29563,65207,2008-03-01 00:00:00.000,41574.4188
29563,58971,2007-12-01 00:00:00.000,42012.6079
29563,53524,2007-09-01 00:00:00.000,61089.359
29564,69433,2008-05-01 00:00:00.000,68667.3663
29564,63204,2008-02-01 00:00:00.000,50306.0005
29564,57054,2007-11-01 00:00:00.000,105120.5963
29564,51735,2007-08-01 00:00:00.000,96800.2419
29571,69420,2008-05-01 00:00:00.000,1737.5785
29571,63158,2008-02-01 00:00:00.000,3428.3862
29571,57109,2007-11-01 00:00:00.000,6348.301
29571,51723,2007-08-01 00:00:00.000,3928.636
29571,50215,2007-05-01 00:00:00.000,4269.7398
29577,71827,2008-06-01 00:00:00.000,7950.3239
29577,65251,2008-03-01 00:00:00.000,3288.2421
29577,58953,2007-12-01 00:00:00.000,9200.8296
29577,53509,2007-09-01 00:00:00.000,4118.0206
29577,50685,2007-06-01 00:00:00.000,7461.9423
29579,71779,2008-06-01 00:00:00.000,39933.1824
29579,65155,2008-03-01 00:00:00.000,36923.8462
29579,58906,2007-12-01 00:00:00.000,48913.0523
29579,53454,2007-09-01 00:00:00.000,45317.06
29579,50661,2007-06-01 00:00:00.000,33230.9334
29580,67266,2008-04-01 00:00:00.000,79545.0404
29580,61182,2008-01-01 00:00:00.000,59329.3078
29580,55241,2007-10-01 00:00:00.000,68175.7662
29580,51089,2007-07-01 00:00:00.000,83546.8676
29580,49826,2007-04-01 00:00:00.000,83298.3584
29581,65302,2008-03-01 00:00:00.000,72.9167
29581,50741,2007-06-01 00:00:00.000,574.2275
29581,49530,2007-03-01 00:00:00.000,1840.333
29581,48368,2006-12-01 00:00:00.000,207.7582
29581,47430,2006-09-01 00:00:00.000,528.988
29582,46053,2006-05-01 00:00:00.000,59545.6292
29582,45296,2006-02-01 00:00:00.000,27306.447
29582,44513,2005-11-01 00:00:00.000,49012.5587
29582,43867,2005-08-01 00:00:00.000,36806.4892
29587,67343,2008-04-01 00:00:00.000,41445.5381
29587,61238,2008-01-01 00:00:00.000,25431.4172
29587,55323,2007-10-01 00:00:00.000,43348.3273
29587,51143,2007-07-01 00:00:00.000,66876.6357
29587,49891,2007-04-01 00:00:00.000,48031.1479
29589,67324,2008-04-01 00:00:00.000,64488.2624
29589,61263,2008-01-01 00:00:00.000,33341.3622
29589,55309,2007-10-01 00:00:00.000,53747.629
29589,51169,2007-07-01 00:00:00.000,72006.6112
29592,71852,2008-06-01 00:00:00.000,8916.6645
29592,65152,2008-03-01 00:00:00.000,13183.2788
29592,58976,2007-12-01 00:00:00.000,11669.4618
29592,53534,2007-09-01 00:00:00.000,13966.0168
29592,50706,2007-06-01 00:00:00.000,11159.7159
29594,49888,2007-04-01 00:00:00.000,108780.5231
29594,48788,2007-01-01 00:00:00.000,96740.1248
29594,47718,2006-10-01 00:00:00.000,97401.3048
29594,46666,2006-07-01 00:00:00.000,99952.438
29595,67342,2008-04-01 00:00:00.000,34505.3217
29595,61235,2008-01-01 00:00:00.000,35865.4706
29595,55300,2007-10-01 00:00:00.000,30958.0355
29595,51150,2007-07-01 00:00:00.000,30155.4718
29601,69460,2008-05-01 00:00:00.000,20340.8201
29601,63176,2008-02-01 00:00:00.000,7228.3577
29601,57082,2007-11-01 00:00:00.000,27009.5818
29601,51769,2007-08-01 00:00:00.000,62756.8287
29601,50242,2007-05-01 00:00:00.000,41102.9221
29605,67274,2008-04-01 00:00:00.000,25031.6535
29605,61211,2008-01-01 00:00:00.000,26359.9434
29605,55251,2007-10-01 00:00:00.000,47117.8411
29605,51102,2007-07-01 00:00:00.000,34251.9476
29605,49832,2007-04-01 00:00:00.000,40783.0899
29608,69540,2008-05-01 00:00:00.000,49758.7821
29608,63177,2008-02-01 00:00:00.000,50565.4204
29608,57154,2007-11-01 00:00:00.000,45550.4042
29608,51850,2007-08-01 00:00:00.000,75829.6463
29609,69511,2008-05-01 00:00:00.000,54747.0981
29609,63233,2008-02-01 00:00:00.000,32231.931
29609,57132,2007-11-01 00:00:00.000,45531.3879
29609,51837,2007-08-01 00:00:00.000,77823.9958
29614,67270,2008-04-01 00:00:00.000,66148.9905
29614,61186,2008-01-01 00:00:00.000,36884.9181
29614,55245,2007-10-01 00:00:00.000,76499.1179
29614,51096,2007-07-01 00:00:00.000,91656.9541
29614,49828,2007-04-01 00:00:00.000,99507.5528
29615,69558,2008-05-01 00:00:00.000,86486.978
29615,63241,2008-02-01 00:00:00.000,61861.1126
29615,57180,2007-11-01 00:00:00.000,79362.9543
29615,51823,2007-08-01 00:00:00.000,112685.2793
29616,69545,2008-05-01 00:00:00.000,71861.7017
29616,63285,2008-02-01 00:00:00.000,53409.9914
29616,57168,2007-11-01 00:00:00.000,60662.2613
29616,51855,2007-08-01 00:00:00.000,81750.2576
29616,50289,2007-05-01 00:00:00.000,118581.3375
29617,69508,2008-05-01 00:00:00.000,119641.1984
29617,63224,2008-02-01 00:00:00.000,91987.8901
29617,57136,2007-11-01 00:00:00.000,97248.3525
29617,51830,2007-08-01 00:00:00.000,126852.1615
29617,50314,2007-05-01 00:00:00.000,51438.0899
29618,69461,2008-05-01 00:00:00.000,35965.7889
29618,63173,2008-02-01 00:00:00.000,30135.1644
29618,57083,2007-11-01 00:00:00.000,32499.5684
29618,51771,2007-08-01 00:00:00.000,38657.3548
29618,50244,2007-05-01 00:00:00.000,48618.2545
29620,69391,2008-05-01 00:00:00.000,4791.7982
29620,63121,2008-02-01 00:00:00.000,187.0833
29620,57013,2007-11-01 00:00:00.000,6622.9183
29620,51694,2007-08-01 00:00:00.000,2318.4461
29620,50262,2007-05-01 00:00:00.000,203.0945
29622,71785,2008-06-01 00:00:00.000,33281.1855
29622,65159,2008-03-01 00:00:00.000,15286.2238
29622,58910,2007-12-01 00:00:00.000,40948.2201
29622,53457,2007-09-01 00:00:00.000,53043.4629
29622,49449,2007-03-01 00:00:00.000,50.7737
29624,46056,2006-05-01 00:00:00.000,106261.913
29624,45300,2006-02-01 00:00:00.000,101020.1731
29624,44518,2005-11-01 00:00:00.000,142312.2199
29624,43875,2005-08-01 00:00:00.000,137343.2877
29625,71830,2008-06-01 00:00:00.000,46817.7044
29625,65238,2008-03-01 00:00:00.000,26077.8395
29625,58958,2007-12-01 00:00:00.000,63769.765
29625,53513,2007-09-01 00:00:00.000,55084.8357
29627,69401,2008-05-01 00:00:00.000,20489.6678
29627,63141,2008-02-01 00:00:00.000,4737.2239
29627,57023,2007-11-01 00:00:00.000,38837.7761
29627,51703,2007-08-01 00:00:00.000,56754.558
29627,50203,2007-05-01 00:00:00.000,44568.1608
29628,71933,2008-06-01 00:00:00.000,32258.3107
29628,65273,2008-03-01 00:00:00.000,14686.8554
29628,59018,2007-12-01 00:00:00.000,45190.4579
29628,53566,2007-09-01 00:00:00.000,71729.8592
29629,71847,2008-06-01 00:00:00.000,101382.7138
29629,65163,2008-03-01 00:00:00.000,66718.7431
29629,58980,2007-12-01 00:00:00.000,110007.8727
29629,53535,2007-09-01 00:00:00.000,111328.3281
29637,71889,2008-06-01 00:00:00.000,29946.7447
29637,65310,2008-03-01 00:00:00.000,14687.3203
29637,59011,2007-12-01 00:00:00.000,37938.4071
29637,53616,2007-09-01 00:00:00.000,77667.4442
29637,50748,2007-06-01 00:00:00.000,44180.0411
29639,71792,2008-06-01 00:00:00.000,57368.8253
29639,65173,2008-03-01 00:00:00.000,73885.9783
29639,58914,2007-12-01 00:00:00.000,78716.423
29639,53464,2007-09-01 00:00:00.000,72279.0263
29639,50694,2007-06-01 00:00:00.000,107452.3406
29641,67305,2008-04-01 00:00:00.000,130907.0496
29641,61184,2008-01-01 00:00:00.000,106406.1069
29641,55282,2007-10-01 00:00:00.000,182018.6272
29641,51131,2007-07-01 00:00:00.000,187487.825
29642,71951,2008-06-01 00:00:00.000,1690.8077
29642,65272,2008-03-01 00:00:00.000,41.9632
29642,59069,2007-12-01 00:00:00.000,364.8172
29642,53622,2007-09-01 00:00:00.000,35.6741
29642,49516,2007-03-01 00:00:00.000,1483.9807
29643,69475,2008-05-01 00:00:00.000,64195.7045
29643,63133,2008-02-01 00:00:00.000,36926.2702
29643,57099,2007-11-01 00:00:00.000,60715.3108
29643,51789,2007-08-01 00:00:00.000,68951.9035
29645,71893,2008-06-01 00:00:00.000,46719.7052
29645,65255,2008-03-01 00:00:00.000,35254.3279
29645,59059,2007-12-01 00:00:00.000,28342.7186
29645,53571,2007-09-01 00:00:00.000,56498.2214
29646,67320,2008-04-01 00:00:00.000,59505.4375
29646,61264,2008-01-01 00:00:00.000,28235.6732
29646,55303,2007-10-01 00:00:00.000,70739.0902
29646,51153,2007-07-01 00:00:00.000,102017.9004
29646,49884,2007-04-01 00:00:00.000,110266.9588
29647,67284,2008-04-01 00:00:00.000,35601.6312
29647,61209,2008-01-01 00:00:00.000,31739.9752
29647,55261,2007-10-01 00:00:00.000,32711.7826
29647,51111,2007-07-01 00:00:00.000,39489.9706
29647,49843,2007-04-01 00:00:00.000,90675.5705
29649,50699,2007-06-01 00:00:00.000,32553.0847
29649,49468,2007-03-01 00:00:00.000,41071.0348
29649,48351,2006-12-01 00:00:00.000,40887.9723
29649,47413,2006-09-01 00:00:00.000,44333.4897
29649,46360,2006-06-01 00:00:00.000,8071.5703
29651,71864,2008-06-01 00:00:00.000,31948.3043
29651,65215,2008-03-01 00:00:00.000,42248.1935
29651,58996,2007-12-01 00:00:00.000,39850.2028
29651,53548,2007-09-01 00:00:00.000,37836.7279
29651,50712,2007-06-01 00:00:00.000,50142.2897
29658,67314,2008-04-01 00:00:00.000,47216.7035
29658,61239,2008-01-01 00:00:00.000,21129.4404
29658,55301,2007-10-01 00:00:00.000,52253.3903
29658,51157,2007-07-01 00:00:00.000,56975.0456
29658,49877,2007-04-01 00:00:00.000,41074.2798
29660,71796,2008-06-01 00:00:00.000,53899.6626
29660,65176,2008-03-01 00:00:00.000,28858.0428
29660,58919,2007-12-01 00:00:00.000,59065.2198
29660,53470,2007-09-01 00:00:00.000,64453.9897
29661,49845,2007-04-01 00:00:00.000,4760.8924
29661,46644,2006-07-01 00:00:00.000,1473.8636
29661,45802,2006-04-01 00:00:00.000,25499.4202
29661,45062,2006-01-01 00:00:00.000,17837.328
29661,44306,2005-10-01 00:00:00.000,20995.4191
29684,69416,2008-05-01 00:00:00.000,4510.538
29684,63191,2008-02-01 00:00:00.000,11150.4325
29684,57038,2007-11-01 00:00:00.000,6448.3901
29684,51717,2007-08-01 00:00:00.000,16182.7642
29684,50211,2007-05-01 00:00:00.000,11026.5658
29685,71909,2008-06-01 00:00:00.000,6950.3141
29685,65283,2008-03-01 00:00:00.000,3662.2403
29685,59035,2007-12-01 00:00:00.000,6997.0849
29685,53595,2007-09-01 00:00:00.000,7614.5455
29685,50740,2007-06-01 00:00:00.000,10086.4777
29689,67294,2008-04-01 00:00:00.000,62443.3527
29689,61195,2008-01-01 00:00:00.000,45103.146
29689,55269,2007-10-01 00:00:00.000,55864.4473
29689,51123,2007-07-01 00:00:00.000,105281.9588
29689,49844,2007-04-01 00:00:00.000,84666.0149
29690,71812,2008-06-01 00:00:00.000,29600.9072
29690,65258,2008-03-01 00:00:00.000,5750.7313
29690,58940,2007-12-01 00:00:00.000,17308.015
29690,53493,2007-09-01 00:00:00.000,26378.2508
29690,50678,2007-06-01 00:00:00.000,18956.8341
29692,67268,2008-04-01 00:00:00.000,39660.6632
29692,61204,2008-01-01 00:00:00.000,25580.1364
29692,55243,2007-10-01 00:00:00.000,36735.1758
29692,51092,2007-07-01 00:00:00.000,55690.8386
29692,49827,2007-04-01 00:00:00.000,44228.1046
29693,67278,2008-04-01 00:00:00.000,71870.6067
29693,61190,2008-01-01 00:00:00.000,41890.9703
29693,55254,2007-10-01 00:00:00.000,117506.1173
29693,51109,2007-07-01 00:00:00.000,76533.1626
29695,71904,2008-06-01 00:00:00.000,65137.801
29695,65278,2008-03-01 00:00:00.000,42485.69
29695,59031,2007-12-01 00:00:00.000,52346.9382
29695,53605,2007-09-01 00:00:00.000,76371.1911
29696,71849,2008-06-01 00:00:00.000,21768.496
29696,65167,2008-03-01 00:00:00.000,21738.8215
29696,58982,2007-12-01 00:00:00.000,23996.1226
29696,53538,2007-09-01 00:00:00.000,23221.4328
29696,50717,2007-06-01 00:00:00.000,3060.8278
29698,69542,2008-05-01 00:00:00.000,29340.6928
29698,63174,2008-02-01 00:00:00.000,28606.4332
29698,57161,2007-11-01 00:00:00.000,32386.7012
29698,51772,2007-08-01 00:00:00.000,49343.1786
29698,50246,2007-05-01 00:00:00.000,29355.1061
29699,50245,2007-05-01 00:00:00.000,35492.4603
29699,49069,2007-02-01 00:00:00.000,6874.0335
29699,48036,2006-11-01 00:00:00.000,39091.4814
29699,47012,2006-08-01 00:00:00.000,45129.3939
29701,71824,2008-06-01 00:00:00.000,96332.5002
29701,65237,2008-03-01 00:00:00.000,60273.9588
29701,58950,2007-12-01 00:00:00.000,79390.1264
29701,53506,2007-09-01 00:00:00.000,119054.4623
29701,50683,2007-06-01 00:00:00.000,117819.3126
29702,71882,2008-06-01 00:00:00.000,35874.1189
29702,65306,2008-03-01 00:00:00.000,24947.3133
29702,59013,2007-12-01 00:00:00.000,34417.6651
29702,53583,2007-09-01 00:00:00.000,57923.5832
29702,50747,2007-06-01 00:00:00.000,40764.3319
29703,50226,2007-05-01 00:00:00.000,63265.6899
29703,49058,2007-02-01 00:00:00.000,43150.2476
29703,48012,2006-11-01 00:00:00.000,57550.3009
29703,46988,2006-08-01 00:00:00.000,89930.0449
29703,46057,2006-05-01 00:00:00.000,70140.5883
29704,67349,2008-04-01 00:00:00.000,41505.9586
29704,61228,2008-01-01 00:00:00.000,25246.7825
29704,55328,2007-10-01 00:00:00.000,35811.0448
29704,51147,2007-07-01 00:00:00.000,64262.9075
29704,49865,2007-04-01 00:00:00.000,47877.7887
29705,69522,2008-05-01 00:00:00.000,28600.0992
29705,63239,2008-02-01 00:00:00.000,17268.8111
29705,57122,2007-11-01 00:00:00.000,31085.8753
29705,51839,2007-08-01 00:00:00.000,48214.1832
29705,50284,2007-05-01 00:00:00.000,50427.1246
29706,69550,2008-05-01 00:00:00.000,46884.3917
29706,63222,2008-02-01 00:00:00.000,27803.5904
29706,57127,2007-11-01 00:00:00.000,28841.5767
29706,51814,2007-08-01 00:00:00.000,65741.4458
29707,71844,2008-06-01 00:00:00.000,41281.1519
29707,65210,2008-03-01 00:00:00.000,16316.6446
29707,58974,2007-12-01 00:00:00.000,39000.6712
29707,53530,2007-09-01 00:00:00.000,85368.6199
29707,50703,2007-06-01 00:00:00.000,65363.8828
29710,46372,2006-06-01 00:00:00.000,36319.954
29710,45564,2006-03-01 00:00:00.000,70632.8848
29710,44788,2005-12-01 00:00:00.000,97765.7518
29710,44121,2005-09-01 00:00:00.000,72894.3213
29712,69437,2008-05-01 00:00:00.000,93966.6591
29712,63216,2008-02-01 00:00:00.000,51276.5232
29712,57061,2007-11-01 00:00:00.000,83688.5469
29712,51739,2007-08-01 00:00:00.000,125157.3774
29712,50225,2007-05-01 00:00:00.000,76290.2841
29714,71781,2008-06-01 00:00:00.000,24838.577
29714,65156,2008-03-01 00:00:00.000,34047.5926
29714,58911,2007-12-01 00:00:00.000,30968.738
29714,53456,2007-09-01 00:00:00.000,30202.5847
29714,50664,2007-06-01 00:00:00.000,47807.3096
29715,71948,2008-06-01 00:00:00.000,90602.7588
29715,65248,2008-03-01 00:00:00.000,66120.6124
29715,59071,2007-12-01 00:00:00.000,63203.5232
29715,53563,2007-09-01 00:00:00.000,91737.3896
29715,50726,2007-06-01 00:00:00.000,108152.5237
29716,69466,2008-05-01 00:00:00.000,36073.4357
29716,63180,2008-02-01 00:00:00.000,24230.6056
29716,57085,2007-11-01 00:00:00.000,30248.1231
29716,51773,2007-08-01 00:00:00.000,40314.9314
29716,50252,2007-05-01 00:00:00.000,107441.6818
29717,51792,2007-08-01 00:00:00.000,924.7217
29717,50241,2007-05-01 00:00:00.000,171.0453
29717,49043,2007-02-01 00:00:00.000,236.3547
29717,46030,2006-05-01 00:00:00.000,9192.4432
29717,45273,2006-02-01 00:00:00.000,45754.8749
29718,49881,2007-04-01 00:00:00.000,1473.8636
29718,48783,2007-01-01 00:00:00.000,1473.8636
29718,47713,2006-10-01 00:00:00.000,76.2853
29718,46659,2006-07-01 00:00:00.000,770.9676
29718,45809,2006-04-01 00:00:00.000,27128.8957
29720,71818,2008-06-01 00:00:00.000,51617.2219
29720,65252,2008-03-01 00:00:00.000,23693.1448
29720,58946,2007-12-01 00:00:00.000,46002.7963
29720,53500,2007-09-01 00:00:00.000,46166.2976
29722,71794,2008-06-01 00:00:00.000,73045.0853
29722,65174,2008-03-01 00:00:00.000,50869.3758
29722,58918,2007-12-01 00:00:00.000,68874.5944
29722,53465,2007-09-01 00:00:00.000,95426.0186
29722,50668,2007-06-01 00:00:00.000,66963.2766
29724,69450,2008-05-01 00:00:00.000,39488.5086
29724,63167,2008-02-01 00:00:00.000,22192.7618
29724,57076,2007-11-01 00:00:00.000,30073.2818
29724,51762,2007-08-01 00:00:00.000,52536.1229
29724,50235,2007-05-01 00:00:00.000,43345.4823
29725,69444,2008-05-01 00:00:00.000,39835.3914
29725,63214,2008-02-01 00:00:00.000,27524.0365
29725,57067,2007-11-01 00:00:00.000,40201.4956
29725,51751,2007-08-01 00:00:00.000,65705.6659
29727,69521,2008-05-01 00:00:00.000,57694.8654
29727,63247,2008-02-01 00:00:00.000,30299.5427
29727,57130,2007-11-01 00:00:00.000,32330.1714
29727,51826,2007-08-01 00:00:00.000,81561.0362
29732,69536,2008-05-01 00:00:00.000,45386.5379
29732,63280,2008-02-01 00:00:00.000,27208.8483
29732,57145,2007-11-01 00:00:00.000,50252.5833
29732,51856,2007-08-01 00:00:00.000,37928.8654
29732,50292,2007-05-01 00:00:00.000,46436.3936
29734,67302,2008-04-01 00:00:00.000,50586.5516
29734,61177,2008-01-01 00:00:00.000,23819.9291
29734,55283,2007-10-01 00:00:00.000,40344.7056
29734,51130,2007-07-01 00:00:00.000,46114.4541
29734,49855,2007-04-01 00:00:00.000,40654.7297
29736,71784,2008-06-01 00:00:00.000,101268.2686
29736,65158,2008-03-01 00:00:00.000,76363.0887
29736,58908,2007-12-01 00:00:00.000,80819.7335
29736,53458,2007-09-01 00:00:00.000,105420.9481
29737,67346,2008-04-01 00:00:00.000,46625.1005
29737,61241,2008-01-01 00:00:00.000,29633.498
29737,55325,2007-10-01 00:00:00.000,53537.0611
29737,51138,2007-07-01 00:00:00.000,37894.4713
29738,71907,2008-06-01 00:00:00.000,56556.6014
29738,65281,2008-03-01 00:00:00.000,31835.8602
29738,59040,2007-12-01 00:00:00.000,50215.1755
29738,53590,2007-09-01 00:00:00.000,71493.1426
29739,50724,2007-06-01 00:00:00.000,24919.6096
29739,49483,2007-03-01 00:00:00.000,6907.6179
29739,48397,2006-12-01 00:00:00.000,34321.5997
29739,47458,2006-09-01 00:00:00.000,62642.9228
29740,71842,2008-06-01 00:00:00.000,12.0152
29740,58973,2007-12-01 00:00:00.000,18.0227
29740,53597,2007-09-01 00:00:00.000,2299.896
29740,47412,2006-09-01 00:00:00.000,228.534
29740,46359,2006-06-01 00:00:00.000,21170.9423
29742,46077,2006-05-01 00:00:00.000,42544.4821
29742,45318,2006-02-01 00:00:00.000,33750.5413
29742,44540,2005-11-01 00:00:00.000,43514.8419
29742,43895,2005-08-01 00:00:00.000,36556.8816
29744,67273,2008-04-01 00:00:00.000,60603.5735
29744,61218,2008-01-01 00:00:00.000,47038.3842
29744,55249,2007-10-01 00:00:00.000,57788.8395
29744,51090,2007-07-01 00:00:00.000,87003.1753
29744,49831,2007-04-01 00:00:00.000,54010.8625
29746,50704,2007-06-01 00:00:00.000,13824.8635
29746,49476,2007-03-01 00:00:00.000,19966.9228
29746,48361,2006-12-01 00:00:00.000,12498.1133
29746,47421,2006-09-01 00:00:00.000,10306.0361
29746,46363,2006-06-01 00:00:00.000,37567.4236
29748,46342,2006-06-01 00:00:00.000,17802.528
29748,45534,2006-03-01 00:00:00.000,42339.247
29748,44757,2005-12-01 00:00:00.000,42338.3846
29748,44095,2005-09-01 00:00:00.000,47689.0046
29749,46045,2006-05-01 00:00:00.000,55083.0127
29749,45288,2006-02-01 00:00:00.000,33502.0313
29749,44506,2005-11-01 00:00:00.000,40145.6114
29749,43861,2005-08-01 00:00:00.000,26346.8927
29769,46353,2006-06-01 00:00:00.000,5062.2138
29769,45547,2006-03-01 00:00:00.000,45902.8087
29769,44767,2005-12-01 00:00:00.000,34465.5095
29769,44105,2005-09-01 00:00:00.000,6870.0165
29770,71841,2008-06-01 00:00:00.000,93791.205
29770,65206,2008-03-01 00:00:00.000,77468.3832
29770,58972,2007-12-01 00:00:00.000,90884.1535
29770,53527,2007-09-01 00:00:00.000,83255.4331
29770,50698,2007-06-01 00:00:00.000,29789.84
29772,67292,2008-04-01 00:00:00.000,58591.5352
29772,61193,2008-01-01 00:00:00.000,63259.6482
29772,55233,2007-10-01 00:00:00.000,68832.4527
29772,51122,2007-07-01 00:00:00.000,68547.4812
29772,49821,2007-04-01 00:00:00.000,88059.1057
29773,46042,2006-05-01 00:00:00.000,29418.5269
29773,45283,2006-02-01 00:00:00.000,31972.1684
29773,44501,2005-11-01 00:00:00.000,22152.2446
29773,43860,2005-08-01 00:00:00.000,12381.0798
29774,46103,2006-05-01 00:00:00.000,74016.3123
29774,45341,2006-02-01 00:00:00.000,39114.2895
29774,44566,2005-11-01 00:00:00.000,43136.7848
29774,43913,2005-08-01 00:00:00.000,41347.1129
29776,67261,2008-04-01 00:00:00.000,32721.915
29776,61175,2008-01-01 00:00:00.000,29134.2645
29776,55236,2007-10-01 00:00:00.000,28878.0084
29776,51084,2007-07-01 00:00:00.000,25886.9454
29783,67347,2008-04-01 00:00:00.000,31219.2619
29783,61210,2008-01-01 00:00:00.000,16642.2098
29783,55324,2007-10-01 00:00:00.000,34779.3358
29783,51151,2007-07-01 00:00:00.000,73014.4075
29783,49893,2007-04-01 00:00:00.000,35799.5803
29784,69539,2008-05-01 00:00:00.000,8523.6241
29784,63261,2008-02-01 00:00:00.000,7557.3538
29784,57139,2007-11-01 00:00:00.000,6682.801
29784,51849,2007-08-01 00:00:00.000,12188.4783
29784,50249,2007-05-01 00:00:00.000,16066.2511
29786,69464,2008-05-01 00:00:00.000,47023.0049
29786,63179,2008-02-01 00:00:00.000,43744.3319
29786,57086,2007-11-01 00:00:00.000,56283.8576
29786,51774,2007-08-01 00:00:00.000,53390.7048
29786,50253,2007-05-01 00:00:00.000,4516.4918
29787,48078,2006-11-01 00:00:00.000,2768.7414
29787,47051,2006-08-01 00:00:00.000,23.1773
29787,46098,2006-05-01 00:00:00.000,57825.5764
29787,45336,2006-02-01 00:00:00.000,30762.7429
29787,44561,2005-11-01 00:00:00.000,47348.815
29789,69448,2008-05-01 00:00:00.000,21347.0131
29789,63237,2008-02-01 00:00:00.000,10674.6408
29789,57070,2007-11-01 00:00:00.000,20431.2251
29789,51755,2007-08-01 00:00:00.000,46812.7944
29789,50232,2007-05-01 00:00:00.000,29476.6233
29792,69501,2008-05-01 00:00:00.000,40252.198
29792,63251,2008-02-01 00:00:00.000,27804.1488
29792,57128,2007-11-01 00:00:00.000,46020.6635
29792,51825,2007-08-01 00:00:00.000,63029.9457
29792,50282,2007-05-01 00:00:00.000,37862.7625
29793,50688,2007-06-01 00:00:00.000,65492.6682
29793,49481,2007-03-01 00:00:00.000,41495.6979
29793,48341,2006-12-01 00:00:00.000,78835.7251
29793,47400,2006-09-01 00:00:00.000,116295.0969
29794,46074,2006-05-01 00:00:00.000,20517.6136
29794,45314,2006-02-01 00:00:00.000,16921.7017
29794,44535,2005-11-01 00:00:00.000,26567.7564
29794,43888,2005-08-01 00:00:00.000,16255.1776
29795,67339,2008-04-01 00:00:00.000,26753.1995
29795,61258,2008-01-01 00:00:00.000,12215.8933
29795,55311,2007-10-01 00:00:00.000,12964.2992
29795,51168,2007-07-01 00:00:00.000,26541.9771
29795,49876,2007-04-01 00:00:00.000,13271.8022
29796,71797,2008-06-01 00:00:00.000,73316.5808
29796,65177,2008-03-01 00:00:00.000,46184.1256
29796,58920,2007-12-01 00:00:00.000,95241.7217
29796,53472,2007-09-01 00:00:00.000,103883.1767
29798,69443,2008-05-01 00:00:00.000,15292.3888
29798,63228,2008-02-01 00:00:00.000,10105.0594
29798,57064,2007-11-01 00:00:00.000,9499.6932
29798,51746,2007-08-01 00:00:00.000,6157.0285
29798,50230,2007-05-01 00:00:00.000,9092.0796
29803,71786,2008-06-01 00:00:00.000,4036.4068
29803,65171,2008-03-01 00:00:00.000,5306.2772
29803,58913,2007-12-01 00:00:00.000,9443.2839
29803,53463,2007-09-01 00:00:00.000,3258.6008
29803,50667,2007-06-01 00:00:00.000,12880.606
29807,46079,2006-05-01 00:00:00.000,6853.1265
29807,45319,2006-02-01 00:00:00.000,16028.5627
29807,44542,2005-11-01 00:00:00.000,18308.0583
29807,43891,2005-08-01 00:00:00.000,36672.3922
29809,71859,2008-06-01 00:00:00.000,7475.6009
29809,65180,2008-03-01 00:00:00.000,9864.2213
29809,58992,2007-12-01 00:00:00.000,4229.719
29809,53552,2007-09-01 00:00:00.000,8483.0922
29809,50721,2007-06-01 00:00:00.000,15732.1207
29810,71932,2008-06-01 00:00:00.000,687.5269
29810,65270,2008-03-01 00:00:00.000,1784.3493
29810,59019,2007-12-01 00:00:00.000,2327.7362
29810,53584,2007-09-01 00:00:00.000,4335.2444
29810,50750,2007-06-01 00:00:00.000,3151.6785
29811,67283,2008-04-01 00:00:00.000,659.5408
29811,61223,2008-01-01 00:00:00.000,1737.5785
29811,55260,2007-10-01 00:00:00.000,9278.6117
29811,51110,2007-07-01 00:00:00.000,7733.0917
29811,49868,2007-04-01 00:00:00.000,1703.6956
29815,71890,2008-06-01 00:00:00.000,10130.5103
29815,65307,2008-03-01 00:00:00.000,7489.5662
29815,59014,2007-12-01 00:00:00.000,17315.9605
29815,53607,2007-09-01 00:00:00.000,17306.9674
29815,50746,2007-06-01 00:00:00.000,8613.5331
29817,69465,2008-05-01 00:00:00.000,34885.0758
29817,63181,2008-02-01 00:00:00.000,24717.5962
29817,57088,2007-11-01 00:00:00.000,32769.5599
29817,51775,2007-08-01 00:00:00.000,43394.2428
29818,69471,2008-05-01 00:00:00.000,105415.7003
29818,63131,2008-02-01 00:00:00.000,97928.6039
29818,57105,2007-11-01 00:00:00.000,124249.4919
29818,51783,2007-08-01 00:00:00.000,120955.8851
29818,50270,2007-05-01 00:00:00.000,87934.4987
29820,67282,2008-04-01 00:00:00.000,29784.5606
29820,61219,2008-01-01 00:00:00.000,26747.2961
29820,55259,2007-10-01 00:00:00.000,33223.8008
29820,51112,2007-07-01 00:00:00.000,31057.36
29821,71795,2008-06-01 00:00:00.000,35147.0619
29821,65172,2008-03-01 00:00:00.000,24124.803
29821,58915,2007-12-01 00:00:00.000,31019.4824
29821,53468,2007-09-01 00:00:00.000,28940.4502
29822,71829,2008-06-01 00:00:00.000,33571.137
29822,65235,2008-03-01 00:00:00.000,30090.8774
29822,58957,2007-12-01 00:00:00.000,37538.2569
29822,53510,2007-09-01 00:00:00.000,50039.9037
29822,50687,2007-06-01 00:00:00.000,41847.2423
29823,71822,2008-06-01 00:00:00.000,26650.8872
29823,65250,2008-03-01 00:00:00.000,28032.4201
29823,58948,2007-12-01 00:00:00.000,28554.263
29823,53502,2007-09-01 00:00:00.000,35912.8785
29824,67285,2008-04-01 00:00:00.000,484.6233
29824,55262,2007-10-01 00:00:00.000,421.139
29824,51114,2007-07-01 00:00:00.000,757.003
29824,49867,2007-04-01 00:00:00.000,207.7582
29824,47686,2006-10-01 00:00:00.000,74.0972
29825,67260,2008-04-01 00:00:00.000,44393.2159
29825,61173,2008-01-01 00:00:00.000,32800.2437
29825,55234,2007-10-01 00:00:00.000,54244.2389
29825,51081,2007-07-01 00:00:00.000,41328.4347
29825,49822,2007-04-01 00:00:00.000,36282.6588
29827,67280,2008-04-01 00:00:00.000,74857.3005
29827,61189,2008-01-01 00:00:00.000,69743.9973
29827,55257,2007-10-01 00:00:00.000,76214.1951
29827,51105,2007-07-01 00:00:00.000,80550.9689
29827,49837,2007-04-01 00:00:00.000,100902.437
29828,69476,2008-05-01 00:00:00.000,3873.6396
29828,63137,2008-02-01 00:00:00.000,986.9402
29828,57098,2007-11-01 00:00:00.000,5259.3753
29828,51790,2007-08-01 00:00:00.000,17091.637
29828,50263,2007-05-01 00:00:00.000,34077.7439
29834,71896,2008-06-01 00:00:00.000,45406.5428
29834,65269,2008-03-01 00:00:00.000,37118.8347
29834,59029,2007-12-01 00:00:00.000,22445.3073
29834,53580,2007-09-01 00:00:00.000,40978.4697
29834,50743,2007-06-01 00:00:00.000,35139.6689
29836,50312,2007-05-01 00:00:00.000,76861.5747
29836,49157,2007-02-01 00:00:00.000,75091.5667
29836,48076,2006-11-01 00:00:00.000,72651.9849
29836,47052,2006-08-01 00:00:00.000,67022.2639
29841,71866,2008-06-01 00:00:00.000,36484.684
29841,65242,2008-03-01 00:00:00.000,29381.8133
29841,58993,2007-12-01 00:00:00.000,31220.7357
29841,53551,2007-09-01 00:00:00.000,30177.9154
29842,71857,2008-06-01 00:00:00.000,31693.1349
29842,65183,2008-03-01 00:00:00.000,40977.5776
29842,58995,2007-12-01 00:00:00.000,40356.6097
29842,53546,2007-09-01 00:00:00.000,38168.2974
29842,50713,2007-06-01 00:00:00.000,831.6193
29843,71835,2008-06-01 00:00:00.000,60662.8527
29843,65199,2008-03-01 00:00:00.000,59214.0859
29843,58962,2007-12-01 00:00:00.000,63717.9354
29843,53452,2007-09-01 00:00:00.000,60250.3048
29844,67271,2008-04-01 00:00:00.000,36529.0479
29844,61224,2008-01-01 00:00:00.000,39821.3942
29844,55248,2007-10-01 00:00:00.000,44553.9598
29844,51101,2007-07-01 00:00:00.000,39373.9752
29844,49864,2007-04-01 00:00:00.000,51698.8941
29846,69502,2008-05-01 00:00:00.000,2047.8589
29846,63238,2008-02-01 00:00:00.000,42.0784
29846,57158,2007-11-01 00:00:00.000,1503.3447
29846,51816,2007-08-01 00:00:00.000,5866.3595
29846,50307,2007-05-01 00:00:00.000,3697.8193
29853,50313,2007-05-01 00:00:00.000,59784.6491
29853,49160,2007-02-01 00:00:00.000,57368.1409
29853,48080,2006-11-01 00:00:00.000,56071.6643
29853,47056,2006-08-01 00:00:00.000,60959.0476
29853,46101,2006-05-01 00:00:00.000,31642.1403
29861,46067,2006-05-01 00:00:00.000,114690.6064
29861,45308,2006-02-01 00:00:00.000,96861.429
29861,44530,2005-11-01 00:00:00.000,118206.3408
29861,43884,2005-08-01 00:00:00.000,130416.4829
29865,69409,2008-05-01 00:00:00.000,7851.3513
29865,63146,2008-02-01 00:00:00.000,5097.5511
29865,57029,2007-11-01 00:00:00.000,6257.7597
29865,51706,2007-08-01 00:00:00.000,8701.5339
29865,50205,2007-05-01 00:00:00.000,5913.1963
29880,69510,2008-05-01 00:00:00.000,4347.1867
29880,63235,2008-02-01 00:00:00.000,3849.3235
29880,57149,2007-11-01 00:00:00.000,12122.1325
29880,51864,2007-08-01 00:00:00.000,4324.8038
29880,50302,2007-05-01 00:00:00.000,13179.0815
29883,47426,2006-09-01 00:00:00.000,1473.8636
29883,46367,2006-06-01 00:00:00.000,27339.6079
29883,45557,2006-03-01 00:00:00.000,36656.8539
29883,44780,2005-12-01 00:00:00.000,28866.9646
29883,44118,2005-09-01 00:00:00.000,3859.279
29885,50321,2007-05-01 00:00:00.000,49740.9593
29885,49167,2007-02-01 00:00:00.000,48862.8188
29885,48087,2006-11-01 00:00:00.000,53883.4153
29885,47066,2006-08-01 00:00:00.000,64643.6162
29885,46105,2006-05-01 00:00:00.000,63500.4848
29888,69394,2008-05-01 00:00:00.000,26258.8173
29888,63124,2008-02-01 00:00:00.000,36462.0801
29888,57017,2007-11-01 00:00:00.000,31225.746
29888,51693,2007-08-01 00:00:00.000,38293.5086
29888,50191,2007-05-01 00:00:00.000,45640.7566
29889,49841,2007-04-01 00:00:00.000,49071.5565
29889,48775,2007-01-01 00:00:00.000,44559.5472
29889,47687,2006-10-01 00:00:00.000,53191.0071
29889,46638,2006-07-01 00:00:00.000,69535.3981
29889,45798,2006-04-01 00:00:00.000,33210.2125
29891,71819,2008-06-01 00:00:00.000,34402.4145
29891,65195,2008-03-01 00:00:00.000,33304.4341
29891,58944,2007-12-01 00:00:00.000,40075.6082
29891,53499,2007-09-01 00:00:00.000,31731.1199
29891,50682,2007-06-01 00:00:00.000,43665.736
29892,57096,2007-11-01 00:00:00.000,806.2326
29892,50268,2007-05-01 00:00:00.000,593.23
29892,49047,2007-02-01 00:00:00.000,551.2941
29892,47974,2006-11-01 00:00:00.000,723.1037
29892,46945,2006-08-01 00:00:00.000,428.6079
29894,67333,2008-04-01 00:00:00.000,33811.2277
29894,61249,2008-01-01 00:00:00.000,29503.7979
29894,55305,2007-10-01 00:00:00.000,29856.163
29894,51155,2007-07-01 00:00:00.000,38066.5131
29895,69478,2008-05-01 00:00:00.000,26890.6676
29895,63132,2008-02-01 00:00:00.000,38158.2153
29895,57093,2007-11-01 00:00:00.000,43881.2636
29895,51793,2007-08-01 00:00:00.000,35646.524
29895,50265,2007-05-01 00:00:00.000,51614.1692
29896,69533,2008-05-01 00:00:00.000,56578.0186
29896,63281,2008-02-01 00:00:00.000,40606.7267
29896,57162,2007-11-01 00:00:00.000,29546.6473
29896,51853,2007-08-01 00:00:00.000,39982.632
29896,50293,2007-05-01 00:00:00.000,25864.8386
29898,45783,2006-04-01 00:00:00.000,29299.5826
29898,45042,2006-01-01 00:00:00.000,45769.7268
29898,44285,2005-10-01 00:00:00.000,65037.6996
29898,43664,2005-07-01 00:00:00.000,27510.4109
29899,69429,2008-05-01 00:00:00.000,36743.4875
29899,63210,2008-02-01 00:00:00.000,37870.2333
29899,57055,2007-11-01 00:00:00.000,37918.4349
29899,51729,2007-08-01 00:00:00.000,37060.7801
29901,69505,2008-05-01 00:00:00.000,6928.824
29901,63212,2008-02-01 00:00:00.000,26982.9756
29901,57138,2007-11-01 00:00:00.000,28752.3991
29901,51833,2007-08-01 00:00:00.000,34376.67
29901,50301,2007-05-01 00:00:00.000,47893.0954
29904,69456,2008-05-01 00:00:00.000,48193.9576
29904,63170,2008-02-01 00:00:00.000,36374.5943
29904,57080,2007-11-01 00:00:00.000,52551.2556
29904,51763,2007-08-01 00:00:00.000,45129.5676
29904,50236,2007-05-01 00:00:00.000,30210.3553
29906,46087,2006-05-01 00:00:00.000,27192.3367
29906,45326,2006-02-01 00:00:00.000,25594.8725
29906,44550,2005-11-01 00:00:00.000,32294.6471
29906,43899,2005-08-01 00:00:00.000,13449.1563
29907,69406,2008-05-01 00:00:00.000,37338.2108
29907,63148,2008-02-01 00:00:00.000,24943.7379
29907,57026,2007-11-01 00:00:00.000,34191.6306
29907,51712,2007-08-01 00:00:00.000,30980.2069
29909,67276,2008-04-01 00:00:00.000,31319.894
29909,61216,2008-01-01 00:00:00.000,31893.8131
29909,55252,2007-10-01 00:00:00.000,42558.6845
29909,51104,2007-07-01 00:00:00.000,32604.066
29909,49833,2007-04-01 00:00:00.000,44663.0076
29910,69520,2008-05-01 00:00:00.000,55900.0851
29910,63266,2008-02-01 00:00:00.000,44343.1678
29910,57120,2007-11-01 00:00:00.000,32232.6049
29910,51832,2007-08-01 00:00:00.000,49695.3575
29910,50295,2007-05-01 00:00:00.000,28442.9992
29911,69479,2008-05-01 00:00:00.000,28760.1672
29911,63136,2008-02-01 00:00:00.000,41759.9533
29911,57097,2007-11-01 00:00:00.000,40164.5869
29911,51791,2007-08-01 00:00:00.000,33751.1773
29912,45805,2006-04-01 00:00:00.000,27708.6766
29912,45065,2006-01-01 00:00:00.000,27052.2013
29912,44309,2005-10-01 00:00:00.000,31091.8093
29912,43684,2005-07-01 00:00:00.000,6301.6258
29913,69561,2008-05-01 00:00:00.000,92654.5975
29913,63291,2008-02-01 00:00:00.000,117907.1665
29913,57186,2007-11-01 00:00:00.000,126230.418
29913,51822,2007-08-01 00:00:00.000,145454.366
29913,50322,2007-05-01 00:00:00.000,80639.0422
29915,71880,2008-06-01 00:00:00.000,35854.3241
29915,65263,2008-03-01 00:00:00.000,47910.7253
29915,59021,2007-12-01 00:00:00.000,50649.0181
29915,53576,2007-09-01 00:00:00.000,49625.1574
29915,49543,2007-03-01 00:00:00.000,236.3547
29916,71894,2008-06-01 00:00:00.000,79038.3895
29916,65257,2008-03-01 00:00:00.000,71637.5464
29916,59012,2007-12-01 00:00:00.000,59351.9986
29916,53560,2007-09-01 00:00:00.000,60662.6797
29917,71918,2008-06-01 00:00:00.000,64254.7354
29917,65201,2008-03-01 00:00:00.000,60244.0493
29917,59044,2007-12-01 00:00:00.000,71227.6778
29917,53520,2007-09-01 00:00:00.000,53658.0588
29918,69560,2008-05-01 00:00:00.000,34987.5986
29918,63290,2008-02-01 00:00:00.000,30032.4601
29918,57188,2007-11-01 00:00:00.000,31925.9214
29918,51818,2007-08-01 00:00:00.000,44754.0089
29919,69441,2008-05-01 00:00:00.000,76799.6613
29919,63213,2008-02-01 00:00:00.000,67693.547
29919,57062,2007-11-01 00:00:00.000,70647.8942
29919,51745,2007-08-01 00:00:00.000,82706.5451
29919,50272,2007-05-01 00:00:00.000,50545.3229
29921,46356,2006-06-01 00:00:00.000,66414.6274
29921,45549,2006-03-01 00:00:00.000,57157.62
29921,44771,2005-12-01 00:00:00.000,78461.0295
29921,44109,2005-09-01 00:00:00.000,15582.1001
29922,71832,2008-06-01 00:00:00.000,32707.0753
29922,65224,2008-03-01 00:00:00.000,29442.0448
29922,58959,2007-12-01 00:00:00.000,32407.1459
29922,53512,2007-09-01 00:00:00.000,37883.1959
29923,69531,2008-05-01 00:00:00.000,126514.9931
29923,63284,2008-02-01 00:00:00.000,121823.1946
29923,57150,2007-11-01 00:00:00.000,137721.3102
29923,51857,2007-08-01 00:00:00.000,107757.383
29924,69503,2008-05-01 00:00:00.000,69323.6906
29924,63257,2008-02-01 00:00:00.000,61204.9618
29924,57121,2007-11-01 00:00:00.000,57816.8187
29924,51828,2007-08-01 00:00:00.000,74353.653
29924,50304,2007-05-01 00:00:00.000,104751.3605
29925,49059,2007-02-01 00:00:00.000,296.4905
29925,48014,2006-11-01 00:00:00.000,236.3547
29925,46990,2006-08-01 00:00:00.000,1044.1117
29925,46060,2006-05-01 00:00:00.000,51229.2526
29925,45303,2006-02-01 00:00:00.000,22975.2493
29928,69397,2008-05-01 00:00:00.000,29507.5832
29928,63128,2008-02-01 00:00:00.000,21804.912
29928,57019,2007-11-01 00:00:00.000,27511.9231
29928,51699,2007-08-01 00:00:00.000,25166.8474
29929,71902,2008-06-01 00:00:00.000,67670.384
29929,65303,2008-03-01 00:00:00.000,65579.7239
29929,59023,2007-12-01 00:00:00.000,39047.2211
29929,53606,2007-09-01 00:00:00.000,52556.0907
29929,50745,2007-06-01 00:00:00.000,38253.8365
29931,71943,2008-06-01 00:00:00.000,40135.0959
29931,65268,2008-03-01 00:00:00.000,33015.5527
29931,59066,2007-12-01 00:00:00.000,28032.3411
29931,53569,2007-09-01 00:00:00.000,29221.7987
29932,71898,2008-06-01 00:00:00.000,59966.6958
29932,65282,2008-03-01 00:00:00.000,58762.7127
29932,59008,2007-12-01 00:00:00.000,60357.7954
29932,53577,2007-09-01 00:00:00.000,48965.9275
29935,69413,2008-05-01 00:00:00.000,29134.992
29935,63202,2008-02-01 00:00:00.000,23980.1426
29935,57036,2007-11-01 00:00:00.000,42680.2308
29935,51715,2007-08-01 00:00:00.000,42282.3133
29935,50210,2007-05-01 00:00:00.000,41541.266
29937,49851,2007-04-01 00:00:00.000,41906.4087
29937,48745,2007-01-01 00:00:00.000,9994.9128
29937,47700,2006-10-01 00:00:00.000,39568.4399
29937,46648,2006-07-01 00:00:00.000,64407.3379
29938,71845,2008-06-01 00:00:00.000,38488.851
29938,65209,2008-03-01 00:00:00.000,14139.9572
29938,58975,2007-12-01 00:00:00.000,37893.6701
29938,53531,2007-09-01 00:00:00.000,43697.2576
29938,50702,2007-06-01 00:00:00.000,39360.9687
29940,69535,2008-05-01 00:00:00.000,122916.4563
29940,63282,2008-02-01 00:00:00.000,74774.1836
29940,57143,2007-11-01 00:00:00.000,105403.8246
29940,51858,2007-08-01 00:00:00.000,140042.1209
29941,67289,2008-04-01 00:00:00.000,40302.7255
29941,61229,2008-01-01 00:00:00.000,27393.2305
29941,55268,2007-10-01 00:00:00.000,44837.5117
29941,51120,2007-07-01 00:00:00.000,64168.1167
29942,69421,2008-05-01 00:00:00.000,29451.6566
29942,63156,2008-02-01 00:00:00.000,27064.6434
29942,57045,2007-11-01 00:00:00.000,55385.6976
29942,51726,2007-08-01 00:00:00.000,55908.3728
29945,69485,2008-05-01 00:00:00.000,3741.6253
29945,63189,2008-02-01 00:00:00.000,1922.7393
29945,57108,2007-11-01 00:00:00.000,381.7072
29945,51799,2007-08-01 00:00:00.000,790.5077
29945,50273,2007-05-01 00:00:00.000,840.656
29946,50199,2007-05-01 00:00:00.000,26880.0159
29946,49103,2007-02-01 00:00:00.000,19705.477
29946,47978,2006-11-01 00:00:00.000,26203.0319
29946,46951,2006-08-01 00:00:00.000,31426.6915
29946,46038,2006-05-01 00:00:00.000,24442.7803
29947,69526,2008-05-01 00:00:00.000,19947.7588
29947,63219,2008-02-01 00:00:00.000,11086.3268
29947,57125,2007-11-01 00:00:00.000,20488.4432
29947,51810,2007-08-01 00:00:00.000,51558.3371
29947,50311,2007-05-01 00:00:00.000,28963.5634
29950,71851,2008-06-01 00:00:00.000,43002.1118
29950,65164,2008-03-01 00:00:00.000,27888.1399
29950,58981,2007-12-01 00:00:00.000,43202.6078
29950,53536,2007-09-01 00:00:00.000,48702.8022
29950,50716,2007-06-01 00:00:00.000,35624.1763
29951,71799,2008-06-01 00:00:00.000,19340.6042
29951,65213,2008-03-01 00:00:00.000,13530.5025
29951,58926,2007-12-01 00:00:00.000,28276.6044
29951,53478,2007-09-01 00:00:00.000,45009.4037
29951,49505,2007-03-01 00:00:00.000,25.3868
29953,50218,2007-05-01 00:00:00.000,38396.7906
29953,49092,2007-02-01 00:00:00.000,22569.7526
29953,48001,2006-11-01 00:00:00.000,40968.3578
29953,46974,2006-08-01 00:00:00.000,45491.1338
29954,50738,2007-06-01 00:00:00.000,49173.3806
29954,49523,2007-03-01 00:00:00.000,25447.5692
29954,48363,2006-12-01 00:00:00.000,57452.3567
29954,47422,2006-09-01 00:00:00.000,70421.6105
29955,69393,2008-05-01 00:00:00.000,36285.2767
29955,63123,2008-02-01 00:00:00.000,16320.0412
29955,57015,2007-11-01 00:00:00.000,37878.3362
29955,51691,2007-08-01 00:00:00.000,36262.4638
29955,50189,2007-05-01 00:00:00.000,33857.8574
29956,71881,2008-06-01 00:00:00.000,41294.9798
29956,65315,2008-03-01 00:00:00.000,26793.7945
29956,59027,2007-12-01 00:00:00.000,44755.0922
29956,53614,2007-09-01 00:00:00.000,69019.98
29956,50749,2007-06-01 00:00:00.000,28849.6542
29957,71783,2008-06-01 00:00:00.000,74488.5028
29957,65160,2008-03-01 00:00:00.000,59608.8694
29957,58909,2007-12-01 00:00:00.000,82982.2788
29957,53460,2007-09-01 00:00:00.000,118040.1854
29957,50663,2007-06-01 00:00:00.000,98476.8845
29958,67313,2008-04-01 00:00:00.000,914.6239
29958,55267,2007-10-01 00:00:00.000,124.0055
29958,51115,2007-07-01 00:00:00.000,3134.7704
29958,49873,2007-04-01 00:00:00.000,1428.9829
29958,46637,2006-07-01 00:00:00.000,236.3547
29961,69402,2008-05-01 00:00:00.000,403.1163
29961,63147,2008-02-01 00:00:00.000,54.8801
29961,50264,2007-05-01 00:00:00.000,4421.5909
29961,49050,2007-02-01 00:00:00.000,284.0435
29961,47983,2006-11-01 00:00:00.000,528.988
29963,69513,2008-05-01 00:00:00.000,23337.025
29963,63246,2008-02-01 00:00:00.000,12136.1446
29963,57126,2007-11-01 00:00:00.000,28851.572
29963,51831,2007-08-01 00:00:00.000,22995.115
29963,50315,2007-05-01 00:00:00.000,21263.9208
29964,71828,2008-06-01 00:00:00.000,44342.0588
29964,65243,2008-03-01 00:00:00.000,19331.3761
29964,58956,2007-12-01 00:00:00.000,57071.7654
29964,53508,2007-09-01 00:00:00.000,39665.1801
29966,71949,2008-06-01 00:00:00.000,38394.4727
29966,65236,2008-03-01 00:00:00.000,21555.0831
29966,59074,2007-12-01 00:00:00.000,41274.2849
29966,53570,2007-09-01 00:00:00.000,71728.6698
29966,50727,2007-06-01 00:00:00.000,51522.5105
29967,46325,2006-06-01 00:00:00.000,54889.6182
29967,45520,2006-03-01 00:00:00.000,35612.3114
29967,44742,2005-12-01 00:00:00.000,45203.3586
29967,44079,2005-09-01 00:00:00.000,28945.1938
29968,69518,2008-05-01 00:00:00.000,37874.2226
29968,63245,2008-02-01 00:00:00.000,28301.6461
29968,57118,2007-11-01 00:00:00.000,34059.9241
29968,51824,2007-08-01 00:00:00.000,59810.9802
29968,50303,2007-05-01 00:00:00.000,84.5295
29974,61206,2008-01-01 00:00:00.000,46.7708
29974,45785,2006-04-01 00:00:00.000,45901.3963
29974,45045,2006-01-01 00:00:00.000,16058.1495
29974,44287,2005-10-01 00:00:00.000,18344.6411
29974,43667,2005-07-01 00:00:00.000,6876.3649
29981,67315,2008-04-01 00:00:00.000,8176.4534
29981,61266,2008-01-01 00:00:00.000,14652.6336
29981,55295,2007-10-01 00:00:00.000,10556.2779
29981,51145,2007-07-01 00:00:00.000,16462.5525
29981,49889,2007-04-01 00:00:00.000,8051.2699
29985,69498,2008-05-01 00:00:00.000,1737.5785
29985,63242,2008-02-01 00:00:00.000,2205.2866
29985,57184,2007-11-01 00:00:00.000,8407.2676
29985,51819,2007-08-01 00:00:00.000,7997.9122
29985,50275,2007-05-01 00:00:00.000,5771.7407
29987,67298,2008-04-01 00:00:00.000,114535.5552
29987,61200,2008-01-01 00:00:00.000,79741.4859
29987,55276,2007-10-01 00:00:00.000,83900.0234
29987,51126,2007-07-01 00:00:00.000,124397.7924
29992,67325,2008-04-01 00:00:00.000,38512.1894
29992,61243,2008-01-01 00:00:00.000,16411.4191
29992,55322,2007-10-01 00:00:00.000,31416.1577
29992,51154,2007-07-01 00:00:00.000,61090.6927
29992,49890,2007-04-01 00:00:00.000,48088.1391
29994,67304,2008-04-01 00:00:00.000,64658.003
29994,61179,2008-01-01 00:00:00.000,44204.2535
29994,55280,2007-10-01 00:00:00.000,77065.0055
29994,51132,2007-07-01 00:00:00.000,110798.8179
29994,49856,2007-04-01 00:00:00.000,97091.1112
29995,69454,2008-05-01 00:00:00.000,94544.5399
29995,63171,2008-02-01 00:00:00.000,82277.6458
29995,57012,2007-11-01 00:00:00.000,89661.1827
29995,51761,2007-08-01 00:00:00.000,115124.6277
29996,69442,2008-05-01 00:00:00.000,34947.9956
29996,63200,2008-02-01 00:00:00.000,27028.2108
29996,57065,2007-11-01 00:00:00.000,38302.2962
29996,51748,2007-08-01 00:00:00.000,60652.5416
29996,50280,2007-05-01 00:00:00.000,37858.4689
29997,69408,2008-05-01 00:00:00.000,55992.0957
29997,63149,2008-02-01 00:00:00.000,56910.8708
29997,57030,2007-11-01 00:00:00.000,71391.5233
29997,51711,2007-08-01 00:00:00.000,114536.7764
29997,50206,2007-05-01 00:00:00.000,67397.5226
29998,50672,2007-06-01 00:00:00.000,88914.2997
29998,49498,2007-03-01 00:00:00.000,64243.0161
29998,48311,2006-12-01 00:00:00.000,88767.0192
29998,47369,2006-09-01 00:00:00.000,158056.5449
30000,67295,2008-04-01 00:00:00.000,70791.239
30000,61196,2008-01-01 00:00:00.000,31614.6205
30000,55275,2007-10-01 00:00:00.000,72873.2643
30000,51124,2007-07-01 00:00:00.000,87230.1406
30000,49848,2007-04-01 00:00:00.000,66757.2973
30004,63276,2008-02-01 00:00:00.000,46.7708
30004,57090,2007-11-01 00:00:00.000,46.7708
30004,49081,2007-02-01 00:00:00.000,1384.3708
30004,46080,2006-05-01 00:00:00.000,16043.7937
30004,45320,2006-02-01 00:00:00.000,11476.7797
30005,69563,2008-05-01 00:00:00.000,34468.4705
30005,63218,2008-02-01 00:00:00.000,19359.9328
30005,57185,2007-11-01 00:00:00.000,32558.5611
30005,51815,2007-08-01 00:00:00.000,23366.0623
30009,69462,2008-05-01 00:00:00.000,12397.13
30009,63175,2008-02-01 00:00:00.000,19847.7814
30009,57164,2007-11-01 00:00:00.000,17235.7851
30009,51770,2007-08-01 00:00:00.000,19412.8236
30009,50243,2007-05-01 00:00:00.000,22677.1243
30011,69474,2008-05-01 00:00:00.000,11143.4649
30011,63130,2008-02-01 00:00:00.000,4354.93
30011,57104,2007-11-01 00:00:00.000,6456.1737
30011,51780,2007-08-01 00:00:00.000,11920.5677
30011,50260,2007-05-01 00:00:00.000,8616.3793
30014,69467,2008-05-01 00:00:00.000,13447.4354
30014,63182,2008-02-01 00:00:00.000,23870.7513
30014,57087,2007-11-01 00:00:00.000,22056.5111
30014,51776,2007-08-01 00:00:00.000,17912.8631
30020,71838,2008-06-01 00:00:00.000,12904.7238
30020,65286,2008-03-01 00:00:00.000,19253.8501
30020,58968,2007-12-01 00:00:00.000,15693.3706
30020,53525,2007-09-01 00:00:00.000,26919.2309
30026,69430,2008-05-01 00:00:00.000,13228.1559
30026,63195,2008-02-01 00:00:00.000,11467.1892
30026,57053,2007-11-01 00:00:00.000,8466.7601
30026,51737,2007-08-01 00:00:00.000,7386.3689
30026,50220,2007-05-01 00:00:00.000,13982.5451
30043,71801,2008-06-01 00:00:00.000,40340.2721
30043,65226,2008-03-01 00:00:00.000,22999.9623
30043,58927,2007-12-01 00:00:00.000,49551.1142
30043,53475,2007-09-01 00:00:00.000,44557.9093
30043,50673,2007-06-01 00:00:00.000,46374.7515
30044,50237,2007-05-01 00:00:00.000,33995.3162
30044,49062,2007-02-01 00:00:00.000,28950.1663
30044,48028,2006-11-01 00:00:00.000,36875.2682
30044,47004,2006-08-01 00:00:00.000,59874.7083
30045,50209,2007-05-01 00:00:00.000,34032.6119
30045,49101,2007-02-01 00:00:00.000,28712.7812
30045,47992,2006-11-01 00:00:00.000,48974.7969
30045,46967,2006-08-01 00:00:00.000,54663.8635
30046,71952,2008-06-01 00:00:00.000,75686.7028
30046,65232,2008-03-01 00:00:00.000,44207.0155
30046,59068,2007-12-01 00:00:00.000,77366.2553
30046,53621,2007-09-01 00:00:00.000,120512.2708
30046,50720,2007-06-01 00:00:00.000,30550.4546
30048,67316,2008-04-01 00:00:00.000,93410.8386
30048,61248,2008-01-01 00:00:00.000,57796.7618
30048,55297,2007-10-01 00:00:00.000,87150.1119
30048,51160,2007-07-01 00:00:00.000,111207.2228
30048,49879,2007-04-01 00:00:00.000,88289.6649
30049,71820,2008-06-01 00:00:00.000,58129.9601
30049,65253,2008-03-01 00:00:00.000,37191.0792
30049,58943,2007-12-01 00:00:00.000,67541.1313
30049,53497,2007-09-01 00:00:00.000,101657.3019
30049,50681,2007-06-01 00:00:00.000,42597.7826
30050,71936,2008-06-01 00:00:00.000,89908.8786
30050,65319,2008-03-01 00:00:00.000,45491.0628
30050,59064,2007-12-01 00:00:00.000,81029.9462
30050,53573,2007-09-01 00:00:00.000,130249.2557
30050,50728,2007-06-01 00:00:00.000,50284.3158
30051,67321,2008-04-01 00:00:00.000,56733.4964
30051,61267,2008-01-01 00:00:00.000,30081.923
30051,55291,2007-10-01 00:00:00.000,41898.878
30051,51146,2007-07-01 00:00:00.000,56844.5342
30055,69418,2008-05-01 00:00:00.000,27146.0038
30055,63194,2008-02-01 00:00:00.000,33337.4894
30055,57037,2007-11-01 00:00:00.000,45566.5466
30055,51720,2007-08-01 00:00:00.000,58307.8201
30055,50213,2007-05-01 00:00:00.000,30414.7407
30056,46048,2006-05-01 00:00:00.000,38235.0189
30056,45290,2006-02-01 00:00:00.000,37697.3974
30056,44505,2005-11-01 00:00:00.000,39393.3135
30056,43864,2005-08-01 00:00:00.000,43335.7219
30059,69449,2008-05-01 00:00:00.000,36782.2298
30059,63225,2008-02-01 00:00:00.000,25698.4051
30059,57075,2007-11-01 00:00:00.000,57438.3505
30059,51875,2007-08-01 00:00:00.000,44816.9738
30060,69440,2008-05-01 00:00:00.000,650.4898
30060,63232,2008-02-01 00:00:00.000,88.2928
30060,57063,2007-11-01 00:00:00.000,536.4421
30060,51747,2007-08-01 00:00:00.000,2128.3633
30060,50228,2007-05-01 00:00:00.000,31881.2921
30063,69509,2008-05-01 00:00:00.000,32838.1649
30063,63240,2008-02-01 00:00:00.000,28615.5024
30063,57131,2007-11-01 00:00:00.000,34245.709
30063,51827,2007-08-01 00:00:00.000,25448.4308
30065,67263,2008-04-01 00:00:00.000,44818.9618
30065,61181,2008-01-01 00:00:00.000,34339.4268
30065,55239,2007-10-01 00:00:00.000,44793.3885
30065,51088,2007-07-01 00:00:00.000,41578.3782
30065,49825,2007-04-01 00:00:00.000,37838.6417
30067,67272,2008-04-01 00:00:00.000,27045.2575
30067,61222,2008-01-01 00:00:00.000,23967.983
30067,55287,2007-10-01 00:00:00.000,45729.1907
30067,51100,2007-07-01 00:00:00.000,39602.9181
30067,49860,2007-04-01 00:00:00.000,42800.3045
30070,67322,2008-04-01 00:00:00.000,71215.3607
30070,61244,2008-01-01 00:00:00.000,61866.5725
30070,55299,2007-10-01 00:00:00.000,61329.4926
30070,51148,2007-07-01 00:00:00.000,46963.0779
30071,71886,2008-06-01 00:00:00.000,32575.89
30071,65312,2008-03-01 00:00:00.000,54366.0901
30071,59010,2007-12-01 00:00:00.000,46118.4906
30071,53613,2007-09-01 00:00:00.000,48417.391
30073,69435,2008-05-01 00:00:00.000,29637.9786
30073,63217,2008-02-01 00:00:00.000,31689.5394
30073,57058,2007-11-01 00:00:00.000,24319.3247
30073,51733,2007-08-01 00:00:00.000,33646.0809
30074,50204,2007-05-01 00:00:00.000,109900.1475
30074,49052,2007-02-01 00:00:00.000,99583.9036
30074,47988,2006-11-01 00:00:00.000,107394.7718
30074,46959,2006-08-01 00:00:00.000,101655.5719
30074,46044,2006-05-01 00:00:00.000,33328.0994
30075,67277,2008-04-01 00:00:00.000,33235.1423
30075,61230,2008-01-01 00:00:00.000,29871.0568
30075,55253,2007-10-01 00:00:00.000,40222.2965
30075,51108,2007-07-01 00:00:00.000,27552.4785
30075,49836,2007-04-01 00:00:00.000,51314.2241
30076,69425,2008-05-01 00:00:00.000,1050.7535
30076,63160,2008-02-01 00:00:00.000,151.8522
30076,57049,2007-11-01 00:00:00.000,887.7396
30076,51730,2007-08-01 00:00:00.000,5042.725
30076,50221,2007-05-01 00:00:00.000,50675.1074
30082,71892,2008-06-01 00:00:00.000,33193.6326
30082,65280,2008-03-01 00:00:00.000,32325.7194
30082,59028,2007-12-01 00:00:00.000,38928.9299
30082,53615,2007-09-01 00:00:00.000,27975.6266
30083,50689,2007-06-01 00:00:00.000,52087.7772
30083,49496,2007-03-01 00:00:00.000,49267.5037
30083,48339,2006-12-01 00:00:00.000,55974.9866
30083,47398,2006-09-01 00:00:00.000,67883.4785
30087,71800,2008-06-01 00:00:00.000,31535.7696
30087,65218,2008-03-01 00:00:00.000,27699.2314
30087,58925,2007-12-01 00:00:00.000,27934.8672
30087,53477,2007-09-01 00:00:00.000,28330.3259
30088,46384,2006-06-01 00:00:00.000,15535.4164
30088,45576,2006-03-01 00:00:00.000,9254.192
30088,44798,2005-12-01 00:00:00.000,37650.6136
30088,44128,2005-09-01 00:00:00.000,20874.6359
30090,46343,2006-06-01 00:00:00.000,33243.4322
30090,45536,2006-03-01 00:00:00.000,24144.3832
30090,44755,2005-12-01 00:00:00.000,32001.1813
30090,44092,2005-09-01 00:00:00.000,4592.0219
30091,69438,2008-05-01 00:00:00.000,81.507
30091,57114,2007-11-01 00:00:00.000,228.534
30091,51743,2007-08-01 00:00:00.000,3047.5898
30091,50278,2007-05-01 00:00:00.000,366.4694
30091,46059,2006-05-01 00:00:00.000,33159.5844
30092,71945,2008-06-01 00:00:00.000,33422.5611
30092,65241,2008-03-01 00:00:00.000,32843.9495
30092,59067,2007-12-01 00:00:00.000,30697.9752
30092,53565,2007-09-01 00:00:00.000,33098.6349
30093,69399,2008-05-01 00:00:00.000,32401.5732
30093,63140,2008-02-01 00:00:00.000,20773.2919
30093,57024,2007-11-01 00:00:00.000,30464.2826
30093,51704,2007-08-01 00:00:00.000,27529.1797
30094,69417,2008-05-01 00:00:00.000,37745.0832
30094,63155,2008-02-01 00:00:00.000,40165.5961
30094,57042,2007-11-01 00:00:00.000,45032.4107
30094,51722,2007-08-01 00:00:00.000,43192.1496
30094,50214,2007-05-01 00:00:00.000,57109.5364
30095,69515,2008-05-01 00:00:00.000,39568.4597
30095,63262,2008-02-01 00:00:00.000,31201.1748
30095,57134,2007-11-01 00:00:00.000,36755.8087
30095,51836,2007-08-01 00:00:00.000,42143.9543
30095,50309,2007-05-01 00:00:00.000,223.6817
30096,67291,2008-04-01 00:00:00.000,1213.3811
30096,61192,2008-01-01 00:00:00.000,3134.7704
30096,55330,2007-10-01 00:00:00.000,3865.2464
30096,51141,2007-07-01 00:00:00.000,4519.1997
30096,49894,2007-04-01 00:00:00.000,45355.501
30097,71854,2008-06-01 00:00:00.000,31448.9008
30097,65182,2008-03-01 00:00:00.000,25018.4034
30097,58922,2007-12-01 00:00:00.000,30542.4645
30097,53541,2007-09-01 00:00:00.000,33550.6759
30100,46058,2006-05-01 00:00:00.000,33985.7129
30100,45299,2006-02-01 00:00:00.000,23005.4047
30100,44521,2005-11-01 00:00:00.000,29406.5783
30100,43872,2005-08-01 00:00:00.000,13042.6279
30101,69447,2008-05-01 00:00:00.000,37870.631
30101,63209,2008-02-01 00:00:00.000,27048.6756
30101,57068,2007-11-01 00:00:00.000,37396.8269
30101,51752,2007-08-01 00:00:00.000,64531.1148
30103,69426,2008-05-01 00:00:00.000,68864.1156
30103,63223,2008-02-01 00:00:00.000,44916.5558
30103,57051,2007-11-01 00:00:00.000,84763.4917
30103,51734,2007-08-01 00:00:00.000,95639.9897
30103,50222,2007-05-01 00:00:00.000,105304.6547
30105,71791,2008-06-01 00:00:00.000,22501.8686
30105,65175,2008-03-01 00:00:00.000,22074.9404
30105,58916,2007-12-01 00:00:00.000,21491.2435
30105,53469,2007-09-01 00:00:00.000,24134.5079
30105,50671,2007-06-01 00:00:00.000,25906.2943
30106,50736,2007-06-01 00:00:00.000,6575.9192
30106,49444,2007-03-01 00:00:00.000,7333.3076
30106,48345,2006-12-01 00:00:00.000,4567.3935
30106,47404,2006-09-01 00:00:00.000,5485.5969
30106,46355,2006-06-01 00:00:00.000,25896.1905
30107,69422,2008-05-01 00:00:00.000,77853.7189
30107,63157,2008-02-01 00:00:00.000,54627.2786
30107,57046,2007-11-01 00:00:00.000,82333.7853
30107,51721,2007-08-01 00:00:00.000,109948.7407
30107,50217,2007-05-01 00:00:00.000,36470.7048
30108,50195,2007-05-01 00:00:00.000,33424.4453
30108,49085,2007-02-01 00:00:00.000,26068.4066
30108,47967,2006-11-01 00:00:00.000,43288.954
30108,46938,2006-08-01 00:00:00.000,60197.3203
30109,67327,2008-04-01 00:00:00.000,35062.5567
30109,61240,2008-01-01 00:00:00.000,15511.8488
30109,55294,2007-10-01 00:00:00.000,38368.8109
30109,51140,2007-07-01 00:00:00.000,65292.2437
30109,49870,2007-04-01 00:00:00.000,64070.2608
30111,46066,2006-05-01 00:00:00.000,113042.7512
30111,45307,2006-02-01 00:00:00.000,32142.9153
30111,44528,2005-11-01 00:00:00.000,122500.6617
30111,43881,2005-08-01 00:00:00.000,43706.8175
30112,69525,2008-05-01 00:00:00.000,36537.8887
30112,63249,2008-02-01 00:00:00.000,26533.9959
30112,57160,2007-11-01 00:00:00.000,32369.8581
30112,51838,2007-08-01 00:00:00.000,44399.3457
30112,50297,2007-05-01 00:00:00.000,116390.7349
30113,71780,2008-06-01 00:00:00.000,33956.9704
30113,65154,2008-03-01 00:00:00.000,30071.8855
30113,58905,2007-12-01 00:00:00.000,48613.3548
30113,53455,2007-09-01 00:00:00.000,35611.4804
30113,50662,2007-06-01 00:00:00.000,38268.8819
30116,67279,2008-04-01 00:00:00.000,47520.583
30116,61188,2008-01-01 00:00:00.000,55317.9431
30116,55256,2007-10-01 00:00:00.000,51390.8958
30116,51106,2007-07-01 00:00:00.000,57441.8455
30117,69412,2008-05-01 00:00:00.000,68826.1277
30117,63201,2008-02-01 00:00:00.000,82495.6988
30117,57034,2007-11-01 00:00:00.000,86193.0846
30117,51714,2007-08-01 00:00:00.000,88730.5249
30117,50208,2007-05-01 00:00:00.000,106618.2647
30118,71803,2008-06-01 00:00:00.000,36878.2723
30118,65221,2008-03-01 00:00:00.000,27290.9456
30118,58928,2007-12-01 00:00:00.000,40248.2376
30118,53480,2007-09-01 00:00:00.000,49576.7444
30118,50675,2007-06-01 00:00:00.000,43214.8509
